Tipo,Edad<5,Edad5-14,Edad15-64,Edad>64
Hospital,0.021772149064820612,0.04010991007334599,0.04670012160233677,0.019248638461616986
Rutinario,0.06489951517711452,0.18957348081245007,0.1764847456266621,0.06630315057848286
Urgencias,0.053915502522995075,0.09693344649973394,0.12573735010637285,0.09832198947406819
