Tipo,Edad<5,Edad5-14,Edad15-64,Edad>64
Hospital,0.013230219252136122,0.02437347378404985,0.028378128684533904,0.01169676481610067
Rutinario,0.0898853608772355,0.2625579049254519,0.24443010100595533,0.09182938579402791
Urgencias,0.03359666318920906,0.060402670872478886,0.07835140551691551,0.061267921281905266
